{
    "result": 1,
    "msg": "----message---",
    "data": [{
            "imgUrl": "src/assets/goodsItem.png",
            "brief": "郎酒红花郎10 53度酱香500度酱香500度酱香500度酱香500",
            "price": 1668,
            "count": 1980,
            "hasPurchase": false,
            "id": "12345id1",
            "boxCount": 10,
            "bottolCount": 20,
            "costOffMoney": 1000,
            "commonBuild": 2000,
            "volume": 500,
            "strength": 53
        },
        {
            "imgUrl": "src/assets/goodsItem.png",
            "brief": "郎酒红花郎10 53度酱香500度酱香500度酱香500度酱香500",
            "price": 1669,
            "count": 1981,
            "hasPurchase": false,
            "id": "12345id2",
            "boxCount": 10,
            "bottolCount": 20,
            "costOffMoney": 1000,
            "commonBuild": 2000,
            "volume": 500,
            "strength": 53
        },
        {
            "imgUrl": "src/assets/goodsItem.png",
            "brief": "郎酒红花郎10 53度酱香500度酱香500度酱香500度酱香500",
            "price": 1670,
            "count": 1982,
            "hasPurchase": false,
            "id": "12345id3",
            "boxCount": 10,
            "bottolCount": 20,
            "costOffMoney": 1000,
            "commonBuild": 2000,
            "volume": 500,
            "strength": 53
        },
        {
            "imgUrl": "src/assets/goodsItem.png",
            "brief": "郎酒红花郎10 53度酱香500度酱香500度酱香500度酱香500",
            "price": 1672,
            "count": 1983,
            "hasPurchase": false,
            "id": "12345id4",
            "boxCount": 10,
            "bottolCount": 20,
            "costOffMoney": 1000,
            "commonBuild": 2000,
            "volume": 500,
            "strength": 53
        },
        {
            "imgUrl": "src/assets/goodsItem.png",
            "brief": "郎酒红花郎10 53度酱香500度酱香500度酱香500度酱香500",
            "price": 1673,
            "count": 1984,
            "hasPurchase": false,
            "id": "12345id5",
            "boxCount": 10,
            "bottolCount": 20,
            "costOffMoney": 1000,
            "commonBuild": 2000
        },
        {
            "imgUrl": "src/assets/goodsItem.png",
            "brief": "郎酒红花郎10 53度酱香500度酱香500度酱香500度酱香500",
            "price": 1674,
            "count": 1984,
            "hasPurchase": false,
            "id": "12345id6",
            "boxCount": 10,
            "bottolCount": 20,
            "costOffMoney": 1000,
            "commonBuild": 2000,
            "volume": 500,
            "strength": 53
        },
        {
            "imgUrl": "src/assets/goodsItem.png",
            "brief": "郎酒红花郎10 53度酱香500度酱香500度酱香500度酱香500",
            "price": 1675,
            "count": 1984,
            "hasPurchase": false,
            "id": "12345id7",
            "boxCount": 10,
            "bottolCount": 20,
            "costOffMoney": 1000,
            "commonBuild": 2000,
            "volume": 500,
            "strength": 53
        }
    ]
}